{
  "version": 1,
  "author": "Teté DG",
  "editor": "wokwi",
  "parts": [
    { "type": "board-esp32-devkit-c-v4", "id": "esp", "top": 0, "left": 0, "attrs": {} },
    {
      "type": "wokwi-led",
      "id": "led1",
      "top": -22.8,
      "left": 128.6,
      "attrs": { "color": "green" }
    },
    {
      "type": "wokwi-led",
      "id": "led2",
      "top": -22.8,
      "left": 157.4,
      "attrs": { "color": "blue" }
    },
    { "type": "wokwi-dht22", "id": "dht1", "top": -57.3, "left": -82.2, "attrs": {} },
    { "type": "wokwi-potentiometer", "id": "pot1", "top": -39.7, "left": -192.2, "attrs": {} },
    {
      "type": "board-ssd1306",
      "id": "oled1",
      "top": 99.14,
      "left": 201.83,
      "attrs": { "i2cAddress": "0x3c" }
    }
  ],
  "connections": [
    [ "esp:TX", "$serialMonitor:RX", "", [] ],
    [ "esp:RX", "$serialMonitor:TX", "", [] ],
    [ "led1:A", "esp:23", "green", [ "v19.2", "h-91.24" ] ],
    [ "led1:C", "esp:GND.2", "black", [ "v9.6", "h-81.24" ] ],
    [ "led2:A", "esp:2", "green", [ "v67.2", "h-129.64" ] ],
    [ "dht1:VCC", "esp:5V", "red", [ "v0" ] ],
    [ "dht1:SDA", "esp:33", "green", [ "v0" ] ],
    [ "dht1:GND", "esp:GND.1", "black", [ "v0" ] ],
    [ "led2:C", "esp:GND.2", "black", [ "h0.4", "v9.6" ] ],
    [ "pot1:SIG", "esp:32", "green", [ "v0" ] ],
    [ "pot1:VCC", "esp:5V", "red", [ "v0" ] ],
    [ "pot1:GND", "esp:GND.1", "black", [ "v0" ] ],
    [ "oled1:GND", "esp:GND.2", "black", [ "v0" ] ],
    [ "oled1:SCL", "esp:22", "green", [ "v0" ] ],
    [ "oled1:SDA", "esp:21", "green", [ "v0" ] ],
    [ "oled1:VCC", "esp:5V", "red", [ "v-19.2", "h-57.45", "v134.4", "h-187.39" ] ]
  ],
  "dependencies": {}
}